label,uri,description,synonym,name,family,class,phylum,order,kingdom,genus
label,uri,description,synonym,name,family,class,phylum,order,kingdom,genus
label,uri,description,synonym,name,family,class,phylum,order,kingdom,genus
label,uri,description,synonym,name,family,class,phylum,order,kingdom,genus
label,uri,description,synonym,name,family,class,phylum,order,kingdom,genus
label,uri,description,synonym,name,family,class,phylum,order,kingdom,genus
label,uri,description,synonym,name,family,class,phylum,order,kingdom,genus
label,uri,description,synonym,name,family,class,phylum,order,kingdom,genus
label,uri,description,synonym,name,family,class,phylum,order,kingdom,genus
label,uri,description,synonym,name,family,class,phylum,order,kingdom,genus
label,uri,description,synonym,name,family,class,phylum,order,kingdom,genus
label,uri,description,synonym,name,family,class,phylum,order,kingdom,genus
label,uri,description,synonym,name,family,class,phylum,order,kingdom,genus
label,uri,description,synonym,name,family,class,phylum,order,kingdom,genus
label,uri,description,synonym,name,family,class,phylum,order,kingdom,genus
label,uri,description,synonym,name,family,class,phylum,order,kingdom,genus
label,uri,description,synonym,name,family,class,phylum,order,kingdom,genus
label,uri,description,synonym,name,family,class,phylum,order,kingdom,genus
label,uri,description,synonym,name,family,class,phylum,order,kingdom,genus
label,uri,description,synonym,name,family,class,phylum,order,kingdom,genus
label,uri,description,synonym,name,family,class,phylum,order,kingdom,genus
label,uri,description,synonym,name,family,class,phylum,order,kingdom,genus
label,uri,description,synonym,name,family,class,phylum,order,kingdom,genus
label,uri,description,synonym,name,family,class,phylum,order,kingdom,genus
label,uri,description,synonym,name,family,class,phylum,order,kingdom,genus
label,uri,description,synonym,name,family,class,phylum,order,kingdom,genus
label,uri,description,synonym,name,family,class,phylum,order,kingdom,genus
label,uri,description,synonym,name,family,class,phylum,order,kingdom,genus
label,uri,description,synonym,name,family,class,phylum,order,kingdom,genus
label,uri,description,synonym,name,family,class,phylum,order,kingdom,genus
label,uri,description,synonym,name,family,class,phylum,order,kingdom,genus
label,uri,description,synonym,name,family,class,phylum,order,kingdom,genus
label,uri,description,synonym,name,family,class,phylum,order,kingdom,genus
label,uri,description,synonym,name,family,class,phylum,order,kingdom,genus
label,uri,description,synonym,name,family,class,phylum,order,kingdom,genus
label,uri,description,synonym,name,family,class,phylum,order,kingdom,genus
label,uri,description,synonym,name,family,class,phylum,order,kingdom,genus
label,uri,description,synonym,name,family,class,phylum,order,kingdom,genus
label,uri,description,synonym,name,family,class,phylum,order,kingdom,genus
label,uri,description,synonym,name,family,class,phylum,order,kingdom,genus
label,uri,description,synonym,name,family,class,phylum,order,kingdom,genus
label,uri,description,synonym,name,family,class,phylum,order,kingdom,genus
label,uri,description,synonym,name,family,class,phylum,order,kingdom,genus
label,uri,description,synonym,name,family,class,phylum,order,kingdom,genus
label,uri,description,synonym,name,family,class,phylum,order,kingdom,genus
label,uri,description,synonym,name,family,class,phylum,order,kingdom,genus
label,uri,description,synonym,name,family,class,phylum,order,kingdom,genus
label,uri,description,synonym,name,family,class,phylum,order,kingdom,genus
label,uri,description,synonym,name,family,class,phylum,order,kingdom,genus
label,uri,description,synonym,name,family,class,phylum,order,kingdom,genus
label,uri,description,synonym,name,family,class,phylum,order,kingdom,genus
label,uri,description,synonym,name,family,class,phylum,order,kingdom,genus
label,uri,description,synonym,name,family,class,phylum,order,kingdom,genus
label,uri,description,synonym,name,family,class,phylum,order,kingdom,genus
label,uri,description,synonym,name,family,class,phylum,order,kingdom,genus
label,uri,description,synonym,name,family,class,phylum,order,kingdom,genus
label,uri,description,synonym,name,family,class,phylum,order,kingdom,genus
label,uri,description,synonym,name,family,class,phylum,order,kingdom,genus
label,uri,description,synonym,name,family,class,phylum,order,kingdom,genus
label,uri,description,synonym,name,family,class,phylum,order,kingdom,genus
label,uri,description,synonym,name,family,class,phylum,order,kingdom,genus
label,uri,description,synonym,name,family,class,phylum,order,kingdom,genus
label,uri,description,synonym,name,family,class,phylum,order,kingdom,genus
label,uri,description,synonym,name,family,class,phylum,order,kingdom,genus
label,uri,description,synonym,name,family,class,phylum,order,kingdom,genus
label,uri,description,synonym,name,family,class,phylum,order,kingdom,genus
label,uri,description,synonym,name,family,class,phylum,order,kingdom,genus
label,uri,description,synonym,name,family,class,phylum,order,kingdom,genus
label,uri,description,synonym,name,family,class,phylum,order,kingdom,genus
label,uri,description,synonym,name,family,class,phylum,order,kingdom,genus
label,uri,description,synonym,name,family,class,phylum,order,kingdom,genus
label,uri,description,synonym,name,family,class,phylum,order,kingdom,genus
label,uri,description,synonym,name,family,class,phylum,order,kingdom,genus
label,uri,description,synonym,name,family,class,phylum,order,kingdom,genus
label,uri,description,synonym,name,family,class,phylum,order,kingdom,genus
label,uri,description,synonym,name,family,class,phylum,order,kingdom,genus
,,,,,,,,,,